href,name_cn,name_pinyin,link
/ershoufang/chuanshi/,川师,chuanshi,https://cd.lianjia.com/ershoufang/chuanshi/
/ershoufang/dongkezhan/,东客站,dongkezhan,https://cd.lianjia.com/ershoufang/dongkezhan/
/ershoufang/dongdalu/,东大路,dongdalu,https://cd.lianjia.com/ershoufang/dongdalu/
/ershoufang/donghu/,东湖,donghu,https://cd.lianjia.com/ershoufang/donghu/
/ershoufang/dongguangxiaoqu/,东光小区,dongguangxiaoqu,https://cd.lianjia.com/ershoufang/dongguangxiaoqu/
/ershoufang/hongxinglu/,红星路,hongxinglu,https://cd.lianjia.com/ershoufang/hongxinglu/
/ershoufang/hejiangting/,合江亭,hejiangting,https://cd.lianjia.com/ershoufang/hejiangting/
/ershoufang/jiuyanqiao/,九眼桥,jiuyanqiao,https://cd.lianjia.com/ershoufang/jiuyanqiao/
/ershoufang/jingjusi/,静居寺,jingjusi,https://cd.lianjia.com/ershoufang/jingjusi/
/ershoufang/lianhua2/,莲花,lianhua2,https://cd.lianjia.com/ershoufang/lianhua2/
/ershoufang/liulichang/,琉璃场,liulichang,https://cd.lianjia.com/ershoufang/liulichang/
/ershoufang/langudi/,蓝谷地,langudi,https://cd.lianjia.com/ershoufang/langudi/
/ershoufang/panchenggang/,攀成钢,panchenggang,https://cd.lianjia.com/ershoufang/panchenggang/
/ershoufang/shahebao/,沙河堡,shahebao,https://cd.lianjia.com/ershoufang/shahebao/
/ershoufang/shuinianhe/,水碾河,shuinianhe,https://cd.lianjia.com/ershoufang/shuinianhe/
/ershoufang/sanshengxiang/,三圣乡,sanshengxiang,https://cd.lianjia.com/ershoufang/sanshengxiang/
/ershoufang/sanguantang/,三官堂,sanguantang,https://cd.lianjia.com/ershoufang/sanguantang/
/ershoufang/yanshikou/,盐市口,yanshikou,https://cd.lianjia.com/ershoufang/yanshikou/
/ershoufang/zhuojincheng/,卓锦城,zhuojincheng,https://cd.lianjia.com/ershoufang/zhuojincheng/
/ershoufang/beisen/,贝森,beisen,https://cd.lianjia.com/ershoufang/beisen/
/ershoufang/babaojie/,八宝街,babaojie,https://cd.lianjia.com/ershoufang/babaojie/
/ershoufang/caotang/,草堂,caotang,https://cd.lianjia.com/ershoufang/caotang/
/ershoufang/caoshijie/,草市街,caoshijie,https://cd.lianjia.com/ershoufang/caoshijie/
/ershoufang/funanxinqu/,府南新区,funanxinqu,https://cd.lianjia.com/ershoufang/funanxinqu/
/ershoufang/guanghuapaoxiao/,光华泡小,guanghuapaoxiao,https://cd.lianjia.com/ershoufang/guanghuapaoxiao/
/ershoufang/huanhuaxi/,浣花溪,huanhuaxi,https://cd.lianjia.com/ershoufang/huanhuaxi/
/ershoufang/jinsha/,金沙,jinsha,https://cd.lianjia.com/ershoufang/jinsha/
/ershoufang/jiaolonggang/,蛟龙港,jiaolonggang,https://cd.lianjia.com/ershoufang/jiaolonggang/
/ershoufang/kuanzhaixiangzi/,宽窄巷子,kuanzhaixiangzi,https://cd.lianjia.com/ershoufang/kuanzhaixiangzi/
/ershoufang/renmingongyuan/,人民公园,renmingongyuan,https://cd.lianjia.com/ershoufang/renmingongyuan/
/ershoufang/taishenglu/,太升路,taishenglu,https://cd.lianjia.com/ershoufang/taishenglu/
/ershoufang/waiguanghua/,外光华,waiguanghua,https://cd.lianjia.com/ershoufang/waiguanghua/
/ershoufang/waijinsha/,外金沙,waijinsha,https://cd.lianjia.com/ershoufang/waijinsha/
/ershoufang/wanjiawan/,万家湾,wanjiawan,https://cd.lianjia.com/ershoufang/wanjiawan/
/ershoufang/xinancaida/,西南财大,xinancaida,https://cd.lianjia.com/ershoufang/xinancaida/
/ershoufang/youpindao/,优品道,youpindao,https://cd.lianjia.com/ershoufang/youpindao/
/ershoufang/chuanda/,川大,chuanda,https://cd.lianjia.com/ershoufang/chuanda/
/ershoufang/chuanyin/,川音,chuanyin,https://cd.lianjia.com/ershoufang/chuanyin/
/ershoufang/caojinlijiao/,草金立交,caojinlijiao,https://cd.lianjia.com/ershoufang/caojinlijiao/
/ershoufang/cuqiao/,簇桥,cuqiao,https://cd.lianjia.com/ershoufang/cuqiao/
/ershoufang/guangfuqiao/,广福桥,guangfuqiao,https://cd.lianjia.com/ershoufang/guangfuqiao/
/ershoufang/gaoshengqiao/,高升桥,gaoshengqiao,https://cd.lianjia.com/ershoufang/gaoshengqiao/
/ershoufang/huaxi/,华西,huaxi,https://cd.lianjia.com/ershoufang/huaxi/
/ershoufang/hangkonglu/,航空路,hangkonglu,https://cd.lianjia.com/ershoufang/hangkonglu/
/ershoufang/huochenanzhan/,火车南站,huochenanzhan,https://cd.lianjia.com/ershoufang/huochenanzhan/
/ershoufang/hongpailou/,红牌楼,hongpailou,https://cd.lianjia.com/ershoufang/hongpailou/
/ershoufang/hangkonggang/,航空港,hangkonggang,https://cd.lianjia.com/ershoufang/hangkonggang/
/ershoufang/longwan/,龙湾,longwan,https://cd.lianjia.com/ershoufang/longwan/
/ershoufang/lidu/,丽都,lidu,https://cd.lianjia.com/ershoufang/lidu/
/ershoufang/shuangnan/,双楠,shuangnan,https://cd.lianjia.com/ershoufang/shuangnan/
/ershoufang/tongzilin/,桐梓林,tongzilin,https://cd.lianjia.com/ershoufang/tongzilin/
/ershoufang/wuhoulijiao/,武侯立交,wuhoulijiao,https://cd.lianjia.com/ershoufang/wuhoulijiao/
/ershoufang/wuhouci/,武侯祠,wuhouci,https://cd.lianjia.com/ershoufang/wuhouci/
/ershoufang/waishuangnan/,外双楠,waishuangnan,https://cd.lianjia.com/ershoufang/waishuangnan/
/ershoufang/wudahuayuan/,五大花园,wudahuayuan,https://cd.lianjia.com/ershoufang/wudahuayuan/
/ershoufang/xinshuangnan/,新双楠,xinshuangnan,https://cd.lianjia.com/ershoufang/xinshuangnan/
/ershoufang/yulin/,玉林,yulin,https://cd.lianjia.com/ershoufang/yulin/
/ershoufang/zongbei/,棕北,zongbei,https://cd.lianjia.com/ershoufang/zongbei/
/ershoufang/chengnanyijia/,城南宜家,chengnanyijia,https://cd.lianjia.com/ershoufang/chengnanyijia/
/ershoufang/dongyuan2/,东苑,dongyuan2,https://cd.lianjia.com/ershoufang/dongyuan2/
/ershoufang/dayuan/,大源,dayuan,https://cd.lianjia.com/ershoufang/dayuan/
/ershoufang/fangcao/,芳草,fangcao,https://cd.lianjia.com/ershoufang/fangcao/
/ershoufang/gaopeng/,高朋,gaopeng,https://cd.lianjia.com/ershoufang/gaopeng/
/ershoufang/guangdou/,广都,guangdou,https://cd.lianjia.com/ershoufang/guangdou/
/ershoufang/huayang/,华阳,huayang,https://cd.lianjia.com/ershoufang/huayang/
/ershoufang/jinrongcheng/,金融城,jinrongcheng,https://cd.lianjia.com/ershoufang/jinrongcheng/
/ershoufang/liulichang/,琉璃场,liulichang,https://cd.lianjia.com/ershoufang/liulichang/
/ershoufang/shiyiyiyuan/,市一医院,shiyiyiyuan,https://cd.lianjia.com/ershoufang/shiyiyiyuan/
/ershoufang/shenxianshu/,神仙树,shenxianshu,https://cd.lianjia.com/ershoufang/shenxianshu/
/ershoufang/tianfuchangcheng/,天府长城,tianfuchangcheng,https://cd.lianjia.com/ershoufang/tianfuchangcheng/
/ershoufang/xinhuizhan/,新会展,xinhuizhan,https://cd.lianjia.com/ershoufang/xinhuizhan/
/ershoufang/xinbei/,新北,xinbei,https://cd.lianjia.com/ershoufang/xinbei/
/ershoufang/yuanda/,远大,yuanda,https://cd.lianjia.com/ershoufang/yuanda/
/ershoufang/yiguanmiao/,衣冠庙,yiguanmiao,https://cd.lianjia.com/ershoufang/yiguanmiao/
/ershoufang/zhongde/,中德,zhongde,https://cd.lianjia.com/ershoufang/zhongde/
/ershoufang/zijing/,紫荆,zijing,https://cd.lianjia.com/ershoufang/zijing/
/ershoufang/zhonghe/,中和,zhonghe,https://cd.lianjia.com/ershoufang/zhonghe/
/ershoufang/balixiaoqu/,八里小区,balixiaoqu,https://cd.lianjia.com/ershoufang/balixiaoqu/
/ershoufang/baoligongyuan/,保利公园,baoligongyuan,https://cd.lianjia.com/ershoufang/baoligongyuan/
/ershoufang/chengyulijiao/,成渝立交,chengyulijiao,https://cd.lianjia.com/ershoufang/chengyulijiao/
/ershoufang/dongkezhan/,东客站,dongkezhan,https://cd.lianjia.com/ershoufang/dongkezhan/
/ershoufang/dongwuyuan/,动物园,dongwuyuan,https://cd.lianjia.com/ershoufang/dongwuyuan/
/ershoufang/dongjiaojiyi/,东郊记忆,dongjiaojiyi,https://cd.lianjia.com/ershoufang/dongjiaojiyi/
/ershoufang/jianshelu/,建设路,jianshelu,https://cd.lianjia.com/ershoufang/jianshelu/
/ershoufang/ligongda/,理工大,ligongda,https://cd.lianjia.com/ershoufang/ligongda/
/ershoufang/longtansi/,龙潭寺,longtansi,https://cd.lianjia.com/ershoufang/longtansi/
/ershoufang/lijiatuo/,李家沱,lijiatuo,https://cd.lianjia.com/ershoufang/lijiatuo/
/ershoufang/mengzhuiwan/,猛追湾,mengzhuiwan,https://cd.lianjia.com/ershoufang/mengzhuiwan/
/ershoufang/smguangchang/,SM广场,smguangchang,https://cd.lianjia.com/ershoufang/smguangchang/
/ershoufang/simaqiao/,驷马桥,simaqiao,https://cd.lianjia.com/ershoufang/simaqiao/
/ershoufang/wanxiangcheng1/,万象城,wanxiangcheng1,https://cd.lianjia.com/ershoufang/wanxiangcheng1/
/ershoufang/wukuaishi/,五块石,wukuaishi,https://cd.lianjia.com/ershoufang/wukuaishi/
/ershoufang/wannianchang/,万年场,wannianchang,https://cd.lianjia.com/ershoufang/wannianchang/
/ershoufang/xinhuagongyuan/,新华公园,xinhuagongyuan,https://cd.lianjia.com/ershoufang/xinhuagongyuan/
/ershoufang/baoligongyuan/,保利公园,baoligongyuan,https://cd.lianjia.com/ershoufang/baoligongyuan/
/ershoufang/chadianzi/,茶店子,chadianzi,https://cd.lianjia.com/ershoufang/chadianzi/
/ershoufang/dafeng/,大丰,dafeng,https://cd.lianjia.com/ershoufang/dafeng/
/ershoufang/dongwuyuan/,动物园,dongwuyuan,https://cd.lianjia.com/ershoufang/dongwuyuan/
/ershoufang/fuqinxiaoqu/,抚琴小区,fuqinxiaoqu,https://cd.lianjia.com/ershoufang/fuqinxiaoqu/
/ershoufang/gaojiazhuang/,高家庄,gaojiazhuang,https://cd.lianjia.com/ershoufang/gaojiazhuang/
/ershoufang/guobin/,国宾,guobin,https://cd.lianjia.com/ershoufang/guobin/
/ershoufang/huazhaobi/,花照壁,huazhaobi,https://cd.lianjia.com/ershoufang/huazhaobi/
/ershoufang/huaqiaocheng3/,华侨城,huaqiaocheng3,https://cd.lianjia.com/ershoufang/huaqiaocheng3/
/ershoufang/huapaifang/,花牌坊,huapaifang,https://cd.lianjia.com/ershoufang/huapaifang/
/ershoufang/jinniuwanda/,金牛万达,jinniuwanda,https://cd.lianjia.com/ershoufang/jinniuwanda/
/ershoufang/jinfu/,金府,jinfu,https://cd.lianjia.com/ershoufang/jinfu/
/ershoufang/jiulidi/,九里堤,jiulidi,https://cd.lianjia.com/ershoufang/jiulidi/
/ershoufang/maanlu/,马鞍路,maanlu,https://cd.lianjia.com/ershoufang/maanlu/
/ershoufang/shawanhuizhan/,沙湾,shawanhuizhan,https://cd.lianjia.com/ershoufang/shawanhuizhan/
/ershoufang/shirenxiaoqu/,石人小区,shirenxiaoqu,https://cd.lianjia.com/ershoufang/shirenxiaoqu/
/ershoufang/shuhanlu/,蜀汉路,shuhanlu,https://cd.lianjia.com/ershoufang/shuhanlu/
/ershoufang/tianhuizhen/,天回镇,tianhuizhen,https://cd.lianjia.com/ershoufang/tianhuizhen/
/ershoufang/tonghuimen/,通惠门,tonghuimen,https://cd.lianjia.com/ershoufang/tonghuimen/
/ershoufang/wukuaishi/,五块石,wukuaishi,https://cd.lianjia.com/ershoufang/wukuaishi/
/ershoufang/xipu/,犀浦,xipu,https://cd.lianjia.com/ershoufang/xipu/
/ershoufang/xinduchengqu/,新都城区,xinduchengqu,https://cd.lianjia.com/ershoufang/xinduchengqu/
/ershoufang/xinanjiaoda/,西南交大,xinanjiaoda,https://cd.lianjia.com/ershoufang/xinanjiaoda/
/ershoufang/yingmenkou/,营门口,yingmenkou,https://cd.lianjia.com/ershoufang/yingmenkou/
/ershoufang/yipintianxia/,一品天下,yipintianxia,https://cd.lianjia.com/ershoufang/yipintianxia/
/ershoufang/huayang/,华阳,huayang,https://cd.lianjia.com/ershoufang/huayang/
/ershoufang/haiyanggongyuan/,海洋公园,haiyanggongyuan,https://cd.lianjia.com/ershoufang/haiyanggongyuan/
/ershoufang/jinjiangshengtaidai/,锦江生态带,jinjiangshengtaidai,https://cd.lianjia.com/ershoufang/jinjiangshengtaidai/
/ershoufang/luhushengtaicheng/,麓湖生态城,luhushengtaicheng,https://cd.lianjia.com/ershoufang/luhushengtaicheng/
/ershoufang/lushan/,麓山,lushan,https://cd.lianjia.com/ershoufang/lushan/
/ershoufang/nanhu/,南湖,nanhu,https://cd.lianjia.com/ershoufang/nanhu/
/ershoufang/sihe/,四河,sihe,https://cd.lianjia.com/ershoufang/sihe/
/ershoufang/yajule/,雅居乐,yajule,https://cd.lianjia.com/ershoufang/yajule/
/ershoufang/gaoxinxi/,高新西,gaoxinxi,https://cd.lianjia.com/ershoufang/gaoxinxi/
/ershoufang/zhonghaiguoji/,中海国际,zhonghaiguoji,https://cd.lianjia.com/ershoufang/zhonghaiguoji/
/ershoufang/caojinlijiao/,草金立交,caojinlijiao,https://cd.lianjia.com/ershoufang/caojinlijiao/
/ershoufang/dongshengzhen/,东升镇,dongshengzhen,https://cd.lianjia.com/ershoufang/dongshengzhen/
/ershoufang/gongxing/,公兴,gongxing,https://cd.lianjia.com/ershoufang/gongxing/
/ershoufang/huafu1/,华府,huafu1,https://cd.lianjia.com/ershoufang/huafu1/
/ershoufang/hangkonggang/,航空港,hangkonggang,https://cd.lianjia.com/ershoufang/hangkonggang/
/ershoufang/jingyuan/,警院,jingyuan,https://cd.lianjia.com/ershoufang/jingyuan/
/ershoufang/jiulonghu1/,九龙湖,jiulonghu1,https://cd.lianjia.com/ershoufang/jiulonghu1/
/ershoufang/jiaolonggang/,蛟龙港,jiaolonggang,https://cd.lianjia.com/ershoufang/jiaolonggang/
/ershoufang/mumashan/,牧马山,mumashan,https://cd.lianjia.com/ershoufang/mumashan/
/ershoufang/nanhu/,南湖,nanhu,https://cd.lianjia.com/ershoufang/nanhu/
/ershoufang/shuangliuchengqu/,双流城区,shuangliuchengqu,https://cd.lianjia.com/ershoufang/shuangliuchengqu/
/ershoufang/wenxingzhen/,文星镇,wenxingzhen,https://cd.lianjia.com/ershoufang/wenxingzhen/
/ershoufang/wanjiawan/,万家湾,wanjiawan,https://cd.lianjia.com/ershoufang/wanjiawan/
/ershoufang/xinjin1/,新津,xinjin1,https://cd.lianjia.com/ershoufang/xinjin1/
/ershoufang/dujiangyan/,都江堰,dujiangyan,https://cd.lianjia.com/ershoufang/dujiangyan/
/ershoufang/furonggucheng/,芙蓉古城,furonggucheng,https://cd.lianjia.com/ershoufang/furonggucheng/
/ershoufang/guanghuadadaoyanxian/,光华大道沿线,guanghuadadaoyanxian,https://cd.lianjia.com/ershoufang/guanghuadadaoyanxian/
/ershoufang/guosetianxiang/,国色天乡,guosetianxiang,https://cd.lianjia.com/ershoufang/guosetianxiang/
/ershoufang/huadudadao/,花都大道,huadudadao,https://cd.lianjia.com/ershoufang/huadudadao/
/ershoufang/jiaolonggang/,蛟龙港,jiaolonggang,https://cd.lianjia.com/ershoufang/jiaolonggang/
/ershoufang/wenjianglaocheng/,温江老城,wenjianglaocheng,https://cd.lianjia.com/ershoufang/wenjianglaocheng/
/ershoufang/wenjiangdaxuecheng/,温江大学城,wenjiangdaxuecheng,https://cd.lianjia.com/ershoufang/wenjiangdaxuecheng/
/ershoufang/wenjiangxincheng/,温江新城,wenjiangxincheng,https://cd.lianjia.com/ershoufang/wenjiangxincheng/
/ershoufang/zhujiangxincheng/,珠江新城,zhujiangxincheng,https://cd.lianjia.com/ershoufang/zhujiangxincheng/
/ershoufang/chengwai/,成外,chengwai,https://cd.lianjia.com/ershoufang/chengwai/
/ershoufang/dujiangyan/,都江堰,dujiangyan,https://cd.lianjia.com/ershoufang/dujiangyan/
/ershoufang/huaqiaocheng3/,华侨城,huaqiaocheng3,https://cd.lianjia.com/ershoufang/huaqiaocheng3/
/ershoufang/hongguang/,红光,hongguang,https://cd.lianjia.com/ershoufang/hongguang/
/ershoufang/pixianchengqu/,郫县城区,pixianchengqu,https://cd.lianjia.com/ershoufang/pixianchengqu/
/ershoufang/pixianwanda/,郫县万达,pixianwanda,https://cd.lianjia.com/ershoufang/pixianwanda/
/ershoufang/xipu/,犀浦,xipu,https://cd.lianjia.com/ershoufang/xipu/
/ershoufang/xiangshuwan/,橡树湾,xiangshuwan,https://cd.lianjia.com/ershoufang/xiangshuwan/
/ershoufang/dongshan/,东山,dongshan,https://cd.lianjia.com/ershoufang/dongshan/
/ershoufang/damian/,大面,damian,https://cd.lianjia.com/ershoufang/damian/
/ershoufang/honghe/,洪河,honghe,https://cd.lianjia.com/ershoufang/honghe/
/ershoufang/hangtian/,航天,hangtian,https://cd.lianjia.com/ershoufang/hangtian/
/ershoufang/longquanyichengqu/,龙泉驿城区,longquanyichengqu,https://cd.lianjia.com/ershoufang/longquanyichengqu/
/ershoufang/qingbaijiang1/,青白江,qingbaijiang1,https://cd.lianjia.com/ershoufang/qingbaijiang1/
/ershoufang/shiling2/,十陵,shiling2,https://cd.lianjia.com/ershoufang/shiling2/
/ershoufang/yangguangcheng/,阳光城,yangguangcheng,https://cd.lianjia.com/ershoufang/yangguangcheng/
/ershoufang/baoligongyuan/,保利公园,baoligongyuan,https://cd.lianjia.com/ershoufang/baoligongyuan/
/ershoufang/dongwuyuan/,动物园,dongwuyuan,https://cd.lianjia.com/ershoufang/dongwuyuan/
/ershoufang/dafeng/,大丰,dafeng,https://cd.lianjia.com/ershoufang/dafeng/
/ershoufang/pihe/,毗河,pihe,https://cd.lianjia.com/ershoufang/pihe/
/ershoufang/qingbaijiang1/,青白江,qingbaijiang1,https://cd.lianjia.com/ershoufang/qingbaijiang1/
/ershoufang/shiling2/,十陵,shiling2,https://cd.lianjia.com/ershoufang/shiling2/
/ershoufang/xipu/,犀浦,xipu,https://cd.lianjia.com/ershoufang/xipu/
/ershoufang/xinduchengqu/,新都城区,xinduchengqu,https://cd.lianjia.com/ershoufang/xinduchengqu/
/ershoufang/lushan/,麓山,lushan,https://cd.lianjia.com/ershoufang/lushan/
/ershoufang/pengshan1/,彭山,pengshan1,https://cd.lianjia.com/ershoufang/pengshan1/
/ershoufang/renshou1/,仁寿,renshou1,https://cd.lianjia.com/ershoufang/renshou1/
